Cod_Municipio,Municipio,Internações,AIH_aprovadas,Valor_total,Valor_serviços_hospitalares,Val_serv_hosp__compl_federal,Val_serv_hosp__compl_gestor,Valor_serviços_profissionais,Val_serv_prof__compl_federal,Val_serv_prof__compl_gestor,Valor_médio_AIH,Valor_médio_intern,Dias_permanência,Média_permanência,Óbitos,Taxa_mortalidade
350010, Adamantina,53525,66013,59498944.74,50889600.19,100173.49,,8444054.91,,,901.32,1111.61,796384,14.9,2869,5.36
350030, Aguaí,10815,10815,4672764.57,3684259.52,,,988505.05,,,432.06,432.06,32000,3,422,3.9
350050, Águas de Lindóia,18274,18274,7400698.05,5873840.98,,,1526857.07,,,404.99,404.99,50469,2.8,910,4.98
350070, Agudos,20877,20877,9249894.05,6593879.4,,,2656014.65,,,443.07,443.07,59433,2.8,378,1.81
350100, Altinópolis,12411,12413,4416589.69,3606572.56,,,810017.13,,,355.8,355.86,52842,4.3,380,3.06
350110, Alto Alegre,1237,1237,469347.56,385309.1,,,84038.46,,,379.42,379.42,4544,3.7,37,2.99
350130, Álvares Machado,6460,6460,3258471.71,2495562.79,,,762908.92,,,504.41,504.41,23598,3.7,214,3.31
350160, Americana,90794,107581,95148589.19,78697526.29,130712.92,,16240918.95,,,884.44,1047.96,1059820,11.7,5139,5.66
350170, Américo Brasiliense,65627,72913,61475293.41,46834423.32,,,14640870.09,,,843.13,936.74,467675,7.1,2218,3.38
350190, Amparo,59366,83339,76010074.66,64907482.92,72382.55,,10993170.99,,,912.06,1280.36,1012916,17.1,3045,5.13
350210, Andradina,52118,52118,31294677.03,25666454.67,8491.22,,5611988.21,,,600.46,600.46,190752,3.7,3130,6.01
350220, Angatuba,26069,26069,11289434.94,8927238.85,,,2362196.09,,,433.06,433.06,82418,3.2,735,2.82
350250, Aparecida,44038,44038,31593623.34,23891189.4,565030.53,,6776648.91,,,717.42,717.42,143988,3.3,1801,4.09
350260, Aparecida d'Oeste,3706,3706,1022927.8,876211.66,,,146716.14,,,276.02,276.02,8851,2.4,38,1.03
350270, Apiaí,25650,25650,12321088.38,9149385.35,,,3171703.03,,,480.35,480.35,78659,3.1,930,3.63
350280, Araçatuba,170470,192605,351036240,290643037.7,199549.29,,60119701.08,,,1822.57,2059.23,1574000,9.2,13431,7.88
350310, Arandu,374,374,150019.16,129300.86,,,20718.3,,,401.12,401.12,1542,4.1,12,3.21
350320, Araraquara,128894,133530,210613594.9,171595040.9,459360.91,,38324116.22,,,1577.28,1634.01,839225,6.5,7448,5.78
350330, Araras,73802,117421,167945573,141970802.6,191568.13,,25641949.18,,,1430.29,2275.62,1653873,22.4,4241,5.75
350340, Arealva,1874,1874,557706.22,463237.67,,,94468.55,,,297.6,297.6,7072,3.8,119,6.35
350370, Ariranha,1146,1146,486384.69,362240.02,,,124144.67,,,424.42,424.42,3283,2.9,59,5.15
350390, Arujá,11141,11141,6229378.78,4221845.05,,,2007533.73,,,559.14,559.14,33305,3,274,2.46
350400, Assis,112328,112328,111384857.2,87469619.87,92850.12,,23773650.05,,,991.6,991.6,527660,4.7,5182,4.61
350410, Atibaia,41584,41584,18961763.27,13677763.18,,,5284000.09,,,455.99,455.99,151136,3.6,2257,5.43
350420, Auriflama,16999,16999,7110000.36,5369575.76,6957.87,,1729963.95,,,418.26,418.26,46555,2.7,507,2.98
350450, Avaré,89841,89841,77186455.17,60389478.02,18344.73,,16757270.43,,,859.15,859.15,333161,3.7,3243,3.61
350490, Bananal,1539,1539,624404.56,497156.3,,,127248.26,,,405.72,405.72,6479,4.2,96,6.24
350520, Bariri,23524,23524,10040965.54,7939572.7,,,2101392.84,,,426.84,426.84,64850,2.8,1346,5.72
350530, Barra Bonita,31008,31008,13773285.03,11274891.56,3075.33,,2490072.46,,,444.18,444.18,106499,3.4,1724,5.56
350550, Barretos,317700,324340,573176293,465801679.8,393810.3,,106800468.6,,,1767.21,1804.14,1656786,5.2,24811,7.81
350570, Barueri,307435,307435,207114243.3,161251855.2,238724.4,,45456143.21,,,673.68,673.68,1258692,4.1,8744,2.84
350580, Bastos,19178,19178,6464813.11,5236049.87,,,1228763.24,,,337.1,337.1,46824,2.4,251,1.31
350590, Batatais,51058,52445,41300102.81,33779365.38,163769.25,,7264558.93,,,787.49,808.89,206916,4.1,2416,4.73
350600, Bauru,391548,391777,562076616.2,451733845.8,74668.01,,110182901.3,,,1434.69,1435.52,2034462,5.2,17291,4.42
350610, Bebedouro,49787,49787,24675278.61,18386974.09,218449.18,,5947104.64,,,495.62,495.62,153885,3.1,2751,5.53
350630, Bernardino de Campos,8303,8303,3069191.99,2519886.22,,,549305.77,,,369.65,369.65,26484,3.2,530,6.38
350635, Bertioga,35039,35039,15399485.98,10928512.63,,,4470973.35,,,439.5,439.5,137484,3.9,1214,3.46
350640, Bilac,2722,2722,856287.69,713920.47,,,142367.22,,,314.58,314.58,5426,2,52,1.91
350650, Birigui,60721,67639,40993078.57,32992112.23,16174.58,,7975878.56,,,606.06,675.11,419859,6.9,3016,4.97
350660, Biritiba-Mirim,269,269,105648.18,92860,,,12788.18,,,392.74,392.74,1217,4.5,27,10.04
350670, Boa Esperança do Sul,4352,4352,1808286.62,1269202.55,,,539084.07,,,415.51,415.51,10310,2.4,83,1.91
350680, Bocaina,2802,2802,1251974.62,1003412.35,,,248562.27,,,446.81,446.81,8586,3.1,101,3.6
350700, Boituva,25982,25982,12071910.41,8690098.3,10972.08,,3365101.74,,,464.63,464.63,73711,2.8,984,3.79
350710, Bom Jesus dos Perdões,1852,1852,799845.49,701770.82,,,98074.67,,,431.88,431.88,10602,5.7,102,5.51
350740, Borborema,9906,9906,3811242.28,3005306.51,20972.25,,773644.81,,,384.74,384.74,29271,3,356,3.59
350750, Botucatu,277173,285000,583947451.9,479115650.5,425110.64,,104227325.3,,,2048.94,2106.8,1837961,6.6,12773,4.61
350760, Bragança Paulista,154088,154088,212621205.3,170826392,833838.77,,40591461.21,,66712.14,1379.87,1379.87,657168,4.3,10295,6.68
350790, Brotas,9970,9970,4739449.31,3606461.51,,,1132987.8,,,475.37,475.37,34951,3.5,388,3.89
350800, Buri,1511,1511,690241.96,502133.98,,,188107.98,,,456.81,456.81,5360,3.5,37,2.45
350810, Buritama,11284,11284,4846193.32,3837612.8,2239.46,,1004488.95,,,429.47,429.47,28108,2.5,305,2.7
350840, Cabreúva,6208,6208,2821498.02,1996481.89,,,825016.13,,,454.49,454.49,16990,2.7,133,2.14
350850, Caçapava,37278,37278,29355998.57,23257918,10443.51,,6079688.04,,,787.49,787.49,135505,3.6,2367,6.35
350860, Cachoeira Paulista,11191,11191,4894722.58,3096921.28,7447.24,,1773937.66,,,437.38,437.38,32919,2.9,461,4.12
350870, Caconde,11265,16682,15857562.92,13777608.02,149423.94,,1828244.97,,,950.58,1407.68,196186,17.4,471,4.18
350880, Cafelândia,13248,13248,5697978.89,4528661.09,,,1169317.8,,,430.1,430.1,36924,2.8,340,2.57
350900, Caieiras,23412,23412,11834412.2,7611545.5,,,4222866.7,,,505.48,505.48,83968,3.6,802,3.43
350920, Cajamar,21074,21074,8430214.07,5828553.68,,,2601660.39,,,400.03,400.03,65343,3.1,1128,5.35
350925, Cajati,3132,3132,1180232.48,1027053.29,,,153179.19,,,376.83,376.83,11203,3.6,186,5.94
350930, Cajobi,9164,9164,3479939.54,2777534.85,,,702404.69,,,379.74,379.74,21412,2.3,64,0.7
350940, Cajuru,29790,29790,11985767.77,9234907.35,99270.14,,2602562.51,,,402.34,402.34,112308,3.8,873,2.93
350950, Campinas,921318,928001,1574879813,1271182720,1753246.87,,300863604.2,,,1697.07,1709.38,5404377,5.9,41399,4.49
350960, Campo Limpo Paulista,27961,27961,12688518.1,9089316.02,22538.01,,3559839.4,,,453.79,453.79,81299,2.9,1173,4.2
350970, Campos do Jordão,32467,45966,47654982.12,34542323.45,,,13112658.67,,,1036.74,1467.8,526059,16.2,1334,4.11
351000, Cândido Mota,16737,16737,7385797.92,5799542.16,,,1586255.76,,,441.29,441.29,59286,3.5,756,4.52
351020, Capão Bonito,34939,34939,16466780.86,11974677.08,77486.09,,4366647.13,,,471.3,471.3,93947,2.7,1665,4.77
351040, Capivari,35889,35889,18894565.56,14301027.92,8001.21,,4580157.67,,,526.47,526.47,114755,3.2,1771,4.93
351050, Caraguatatuba,91980,91980,76240648.97,59608187.99,694271.77,,15524626.84,,,828.88,828.88,372386,4,4091,4.45
351060, Carapicuíba,205662,205662,174892281.4,129667920.2,1338333.74,,42640386.79,,,850.39,850.39,796444,3.9,6328,3.08
351070, Cardoso,9730,9730,3288254.89,2726014.43,9704.38,,547282.49,,,337.95,337.95,25364,2.6,165,1.7
351080, Casa Branca,20758,57560,48042039.51,41446029.79,18284.56,,6548728.73,,,834.64,2314.39,1206867,58.1,1032,4.97
351100, Castilho,6171,6171,2096898.57,1828323.82,,,268574.75,,,339.8,339.8,19309,3.1,255,4.13
351110, Catanduva,179530,187146,314139678.7,258803081.3,497047.53,,54578388.43,,,1678.58,1749.79,1492370,8.3,13236,7.37
351140, Cerqueira César,20049,20049,7466298.09,5994742.91,,,1471555.18,,,372.4,372.4,58082,2.9,657,3.28
351150, Cerquilho,17782,17782,6882792.95,5106087.81,30905.44,,1726890.47,,,387.07,387.07,50388,2.8,668,3.76
351160, Cesário Lange,6922,6922,2804455.17,2304491.46,31449.82,,452037.96,,,405.15,405.15,22932,3.3,281,4.06
351170, Charqueada,6895,6895,2543738.39,2026763.78,21611.95,,482954.69,,,368.93,368.93,23538,3.4,189,2.74
355720, Chavantes,13202,13202,5295089.38,4347731.94,,,947357.44,,,401.08,401.08,41278,3.1,392,2.97
351190, Clementina,2508,2508,877802.29,750501.09,,,127301.2,,,350,350,11086,4.4,105,4.19
351200, Colina,9797,9797,3824246.95,2837390.38,43488.26,,921284.25,,,390.35,390.35,25934,2.6,137,1.4
351210, Colômbia,2016,2016,549447.76,420593.52,,,128854.24,,,272.54,272.54,5201,2.6,3,0.15
351220, Conchal,23028,23028,8878747.54,6922992.8,36008.01,,1898532.79,,,385.56,385.56,62879,2.7,402,1.75
351230, Conchas,11171,11171,4259368.1,3487885.34,,,771482.76,,,381.29,381.29,37168,3.3,400,3.58
351280, Cosmópolis,20835,20835,8452288.66,5994267.04,,,2458021.62,,,405.68,405.68,51256,2.5,837,4.02
351300, Cotia,142095,147450,104187746.2,79543405.26,409252.91,,24089923.03,,,706.6,733.23,601329,4.2,6639,4.67
351310, Cravinhos,3682,3682,1419311.47,1233275.62,,,186035.85,,,385.47,385.47,20009,5.4,230,6.25
351340, Cruzeiro,53978,53978,40118705.1,32191678.47,3423.4,,7919794.55,,,743.24,743.24,240593,4.5,3639,6.74
351350, Cubatão,64386,64386,51782805.54,41054075.96,25800.54,,10681510.26,,,804.26,804.26,320624,5,2556,3.97
351360, Cunha,17677,17677,8754671.05,6808185.26,19810.84,,1914085.8,,,495.26,495.26,57327,3.2,787,4.45
351370, Descalvado,14873,14873,6661740.89,4935448.22,83048.26,2270,1545232.74,2270,2566.22,447.91,447.91,42468,2.9,851,5.72
351380, Diadema,323099,323100,247575015.4,191748196.7,1361914.92,,53592584.04,,,766.25,766.25,1663338,5.1,11526,3.57
351390, Divinolândia,33998,55162,65309768.03,54937490.66,402175.05,,9661493.43,,,1183.96,1920.99,717652,21.1,615,1.81
351410, Dois Córregos,20242,20242,8599977,7046172.78,,,1553804.22,,,424.86,424.86,71938,3.6,778,3.84
351430, Dourado,795,795,316717.5,225432.02,,,91285.48,,,398.39,398.39,2011,2.5,20,2.52
351440, Dracena,45036,45036,40573710.25,33951617.1,31493.55,,6567383.14,,,900.92,900.92,186727,4.1,3410,7.57
351450, Duartina,18517,18517,6165162.87,5071900.34,,,1093262.53,,,332.95,332.95,55592,3,440,2.38
351480, Eldorado,698,698,275972.06,237534.21,,,38437.85,,,395.38,395.38,2693,3.9,24,3.44
351500, Embu das Artes,45055,45055,19725706.22,13579150.11,,,6146556.11,,,437.81,437.81,161898,3.6,1668,3.7
351510, Embu-Guaçu,6335,6335,2521530.93,2164150.87,,,357380.06,,,398.03,398.03,31062,4.9,340,5.37
351518, Espírito Santo do Pinhal,47133,89559,70523537.71,61227259.63,38344.98,,9238707.56,,,787.45,1496.27,1460339,31,1867,3.96
351520, Estrela d'Oeste,5697,5697,2228074.71,1757580.5,,,470494.21,,,391.1,391.1,14871,2.6,86,1.51
351540, Fartura,12124,12124,4319557.96,3361744.69,,,957813.27,,,356.28,356.28,37635,3.1,451,3.72
351550, Fernandópolis,74821,74821,60541299.22,49286372.8,21472.68,,11220490.13,,,809.15,809.15,314867,4.2,4225,5.65
351570, Ferraz de Vasconcelos,109750,109750,62312933.24,47378267.59,69263.23,,14830638.74,,,567.77,567.77,579506,5.3,5725,5.22
351600, Flórida Paulista,13372,13372,3980630.88,3349993.83,,,630637.05,,,297.68,297.68,31731,2.4,152,1.14
351620, Franca,239149,266036,389919139.6,313988134.8,1214697.36,,74027682.1,,,1465.66,1630.44,1841397,7.7,13497,5.64
351630, Francisco Morato,91720,91720,79173038.23,61771819.84,103611,,17203714.14,,,863.2,863.2,406013,4.4,3909,4.26
351640, Franco da Rocha,71839,97686,84317152.67,69055365.7,281160.19,,14822747.23,,,863.14,1173.7,1322105,18.4,4042,5.63
351660, Gália,2185,2185,992270.56,806743.51,,,185527.05,,,454.13,454.13,15346,7,135,6.18
351670, Garça,39042,63704,54753445.76,47233659.83,27011.08,,7475027.64,,,859.5,1402.42,1090642,27.9,1426,3.65
351690, General Salgado,7981,7981,3029293.63,2613386.46,,,415907.17,,,379.56,379.56,29074,3.6,145,1.82
351700, Getulina,2110,2110,634861.82,548518.16,,,86343.66,,,300.88,300.88,7117,3.4,74,3.51
351740, Guaíra,22941,22941,10008211.81,7499082.9,45864.58,,2430737.93,,,436.26,436.26,51605,2.2,564,2.46
351760, Guapiara,7506,7506,3134004.02,2432488.76,3865.51,,695424.45,,,417.53,417.53,25930,3.5,196,2.61
351770, Guará,5297,5297,2203680.19,1685466.76,,,518213.43,,,416.02,416.02,14142,2.7,141,2.66
351780, Guaraçaí,4951,4951,1512541.31,1295962.64,,,216578.67,,,305.5,305.5,18680,3.8,79,1.6
351820, Guararapes,21040,21040,9282687.47,7149437.91,29617.13,,2084050.43,,,441.19,441.19,64665,3.1,867,4.12
351830, Guararema,14570,14570,6641435.02,4904911.07,,,1736523.95,,,455.83,455.83,51869,3.6,660,4.53
351840, Guaratinguetá,94558,94558,109333071.5,89302617.83,217751.63,,19682205.21,,,1156.25,1156.25,556407,5.9,6033,6.38
351860, Guariba,22344,22346,10045493.85,7235688.87,67006.29,,2702616.12,,,449.54,449.58,58931,2.6,506,2.26
351870, Guarujá,136185,136746,153645218.1,123207976.1,356132.21,,29910246.4,,,1123.58,1128.21,792295,5.8,7926,5.82
351880, Guarulhos,636616,721332,785163717.7,638560901.5,803294.17,,145260602.2,,,1088.49,1233.34,5786178,9.1,33163,5.21
351900, Herculândia,9872,9872,4969699,4362349.66,7193.74,,598223.59,,,503.41,503.41,34886,3.5,142,1.44
351907, Hortolândia,55920,55920,26755094.05,19529568.52,46599.1,,7148489.43,,,478.45,478.45,190988,3.4,2841,5.08
351910, Iacanga,3035,3035,1115719.26,800061.09,,,315658.17,,,367.62,367.62,7989,2.6,136,4.48
351920, Iacri,1662,1662,517772.51,453533.76,,,64238.75,,,311.54,311.54,4133,2.5,22,1.32
351930, Ibaté,16609,16609,6813707.04,4872938.74,3672.03,,1934306.93,,,410.24,410.24,43609,2.6,355,2.14
351940, Ibirá,4671,4671,1737517.93,1504474.2,,,233043.73,,,371.98,371.98,14045,3,104,2.23
351960, Ibitinga,37339,37339,22264769.13,17617013.79,31181.01,,4603932.78,,,596.29,596.29,127660,3.4,2194,5.88
351970, Ibiúna,22411,22411,10990521.31,7410069.09,139701.54,,3338892.43,,,490.41,490.41,71563,3.2,833,3.72
351990, Iepê,7250,7250,2856437.39,2324747.74,,,531689.65,,,393.99,393.99,23319,3.2,156,2.15
352000, Igaraçu do Tietê,7362,7362,3042640.33,2787213.85,,,255426.48,,,413.29,413.29,18962,2.6,29,0.39
352010, Igarapava,16185,16185,6604643.1,5218614.58,54077.58,,1306045.89,,,408.07,408.07,57968,3.6,612,3.78
352020, Igaratá,284,284,98649.38,86340.63,,,12308.75,,,347.36,347.36,347,1.2,8,2.82
352030, Iguape,1700,1700,513459.97,444875.94,,,68584.03,,,302.04,302.04,9414,5.5,258,15.18
352044, Ilha Solteira,29241,29241,14262557.19,11490911.59,25999.98,,2733054.57,,,487.76,487.76,104272,3.6,1531,5.24
352040, Ilhabela,24542,24542,10381181.78,7611525.91,14016.93,,2746780.47,,,423,423,85710,3.5,513,2.09
352050, Indaiatuba,135729,151310,129085241.7,103290225,1197027.98,,24024606.11,,,853.12,951.05,882325,6.5,5965,4.39
352070, Indiaporã,4689,4689,1859944.19,1479728.66,5194.23,,371989.86,,,396.66,396.66,14498,3.1,108,2.3
352090, Ipaussu,8102,8102,3204936.58,2515017.37,,,689919.21,,,395.57,395.57,27115,3.3,246,3.04
352130, Ipuã,5437,5437,2355486.66,1849604.85,,,505881.81,,,433.23,433.23,16867,3.1,144,2.65
352170, Itaberá,8604,8604,3322860.07,2690390.99,8159.44,,620348.69,,,386.2,386.2,26983,3.1,301,3.5
352180, Itaí,6266,6266,2871875.64,2198777.75,,,673097.89,,,458.33,458.33,23415,3.7,390,6.22
352190, Itajobi,6967,6967,2655265,2233036.18,916.21,,420837.23,,,381.12,381.12,22841,3.3,283,4.06
352210, Itanhaém,71519,71519,39249598.13,27527565.51,23468.06,,11681221.89,,,548.8,548.8,316624,4.4,2209,3.09
352220, Itapecerica da Serra,204566,208281,159273616.9,122566077.5,578762.07,,35895552.52,,,764.71,778.59,872100,4.3,8574,4.19
352230, Itapetininga,88124,88124,63653689.46,49085574.9,79882.94,,14427642.02,,,722.32,722.32,386496,4.4,6397,7.26
352240, Itapeva,116202,116202,106930913.8,83701641.97,179041.54,,22904896.11,,,920.22,920.22,435653,3.7,6094,5.24
352250, Itapevi,176463,176463,140079610,106190594,770160.25,,32687796.79,,,793.82,793.82,820971,4.7,4289,2.43
352260, Itapira,66055,157588,140957762.9,121381482.6,391332.51,,18963416.61,,,894.47,2133.95,3006900,45.5,3624,5.49
352270, Itápolis,33481,33481,21584101.16,17618388.96,45561.13,,3894386.65,,,644.67,644.67,120301,3.6,1900,5.67
352280, Itaporanga,15018,15018,6430704.97,4988955.44,,,1441749.53,,,428.2,428.2,45041,3,696,4.63
352290, Itapuí,5857,5857,2317952.12,1866980.58,23468.04,,422808.14,,,395.76,395.76,16989,2.9,182,3.11
352310, Itaquaquecetuba,160409,160409,128403439.7,100360124.4,54132.36,,27964408.79,,,800.48,800.48,1006916,6.3,8529,5.32
352320, Itararé,47650,47650,20731401.56,16655629.23,85228.84,,3944602.14,,,435.08,435.08,132180,2.8,2023,4.25
352340, Itatiba,54908,54908,37527541.32,29302382.38,65415.52,,8120022.38,,,683.46,683.46,195066,3.6,2600,4.74
352350, Itatinga,2398,2398,872519.45,762830.03,,,109689.42,,,363.85,363.85,9861,4.1,127,5.3
352360, Itirapina,3815,3815,1526764.88,1149490.54,6270.47,,367488.78,,,400.2,400.2,9050,2.4,167,4.38
352390, Itu,92922,112724,165563264.2,136209624.3,31588.28,,29296513.4,,,1468.75,1781.74,1017453,10.9,5064,5.45
352400, Itupeva,12898,12898,5960615.01,4099087.23,2539.41,,1855972.93,,,462.13,462.13,40962,3.2,401,3.11
352410, Ituverava,41990,41990,35814027.26,28598912.47,107558.76,,7052934.39,,,852.92,852.92,107973,2.6,2563,6.1
352420, Jaborandi,917,917,312361.26,261304.52,,,51056.74,,,340.63,340.63,3725,4.1,19,2.07
352430, Jaboticabal,30470,30470,18219991.76,14059818.76,37224.22,,4099210.53,,,597.96,597.96,95104,3.1,1317,4.32
352440, Jacareí,149301,149301,148624191,117422203.7,517565.47,,30353273.02,,,995.47,995.47,655402,4.4,8443,5.66
352450, Jaci,9174,27062,43481215.54,39745559.98,1179.82,,3733270.98,,,1606.73,4739.61,588030,64.1,88,0.96
352470, Jaguariúna,38104,38104,19164213.07,14071257.38,118339.04,,4902059.1,,,502.94,502.94,121105,3.2,1299,3.41
352480, Jales,81325,81325,75615830.54,62279417.44,11154.75,,13318555.05,,,929.8,929.8,301972,3.7,4481,5.51
352500, Jandira,10746,10746,3961560.52,3433992.18,,,527568.34,,,368.65,368.65,39189,3.6,483,4.49
352510, Jardinópolis,1717,1717,719121.94,564471.34,,,154650.6,,,418.82,418.82,7894,4.6,59,3.44
352520, Jarinu,4497,4497,1105798.57,962940.25,,,142858.32,,,245.9,245.9,15733,3.5,204,4.54
352530, Jaú,302244,320479,591414386.7,483758814.9,4070.83,,107646070.1,,,1845.41,1956.74,2377608,7.9,15666,5.18
352550, Joanópolis,3252,3252,1144232.48,981246.51,,,162985.97,,,351.86,351.86,11641,3.6,206,6.33
352570, José Bonifácio,26385,26385,9925609.26,7637006.33,21235.79,,2232003.46,,,376.18,376.18,59230,2.2,520,1.97
352590, Jundiaí,355394,355394,373760779.6,299321484.9,329201.09,,73896886.25,,,1051.68,1051.68,1634268,4.6,16157,4.55
352600, Junqueirópolis,19415,19415,7525423.66,5901003.93,,,1624419.73,,,387.61,387.61,58843,3,927,4.77
352610, Juquiá,2640,2640,759515.79,664116.32,,,95399.47,,,287.7,287.7,8494,3.2,91,3.45
352620, Juquitiba,2,2,886.18,566.54,,,319.64,,,443.09,443.09,4,2,,
352640, Laranjal Paulista,21895,21895,8998919.67,7059469.62,,,1939450.05,,,411,411,65537,3,737,3.37
352670, Leme,53600,53600,38486123.58,30442382.64,12748.62,,8021852.22,,,718.02,718.02,210397,3.9,3187,5.95
352680, Lençóis Paulista,32293,32293,16850087.55,12731759.68,79752.22,,3993339.54,,,521.79,521.79,112991,3.5,1357,4.2
352690, Limeira,181810,181810,283143954.9,226845965,174992.77,53517.76,55949604.45,53517.76,,1557.36,1557.36,737104,4.1,9579,5.27
352710, Lins,54896,89028,115153626.6,100157717.1,,,14995909.5,,,1293.45,2097.67,1366104,24.9,2906,5.29
352720, Lorena,63323,63323,58033604.28,46092756.6,206683.12,,11583385.89,,,916.47,916.47,291367,4.6,3242,5.12
352730, Louveira,19336,19336,9489177.15,6740340.4,,,2748836.75,,,490.75,490.75,52104,2.7,526,2.72
352740, Lucélia,12596,12596,4170722.06,3316743.83,,,853978.23,,,331.11,331.11,42569,3.4,600,4.76
352770, Luiziânia,664,664,265476.29,169158.15,,,96318.14,,,399.81,399.81,1797,2.7,10,1.51
352800, Macatuba,11354,11354,4627539.93,3642997.73,,,984542.2,,,407.57,407.57,25916,2.3,287,2.53
352810, Macaubal,1624,1624,640354.89,578536.49,,,61818.4,,,394.31,394.31,5387,3.3,37,2.28
352840, Mairinque,605,605,289610.89,208820.64,,,80790.25,,,478.7,478.7,2036,3.4,27,4.46
352850, Mairiporã,32860,32871,14942341.74,10924200.15,31329.49,,3955237.95,,,454.58,454.73,90430,2.8,1293,3.93
352880, Maracaí,7308,7308,3021645.45,2351414.3,,,670231.15,,,413.47,413.47,30795,4.2,333,4.56
352900, Marília,263764,287127,479001332.2,391921905.6,1023119.76,,85458820.75,,,1668.26,1816.02,2329696,8.8,14239,5.4
352920, Martinópolis,18113,18113,7731826.5,6185803.34,,,1546023.16,,,426.87,426.87,58687,3.2,625,3.45
352930, Matão,66646,66646,83122499.19,68877309.77,249868.27,,13900668.95,,,1247.22,1247.22,281303,4.2,3931,5.9
352940, Mauá,169887,169887,141843373.9,110100784.1,578604.97,,30782056.75,,,834.93,834.93,852512,5,10846,6.38
352970, Miguelópolis,12208,12208,5229146.38,4074538.01,9706.59,,1139620.54,,,428.34,428.34,31370,2.6,68,0.56
352990, Miracatu,690,690,250783.32,218202.89,,,32580.43,,,363.45,363.45,3031,4.4,29,4.2
353010, Mirandópolis,54069,54069,21165374.17,15967260.95,,,5198113.22,,,391.45,391.45,172079,3.2,1829,3.38
353030, Mirassol,24932,24932,10454693.36,7941934.02,,,2512759.34,,,419.33,419.33,68831,2.8,399,1.6
353050, Mococa,69018,69018,50242324.2,40261522.88,309386.36,,9475221.02,,,727.96,727.96,237225,3.4,3591,5.2
353060, Mogi das Cruzes,357270,371393,426519182.6,343011976.6,329258.17,,82959467.88,,,1148.43,1193.83,2397662,6.7,22208,6.22
353070, Mogi Guaçu,122079,122079,117666465.1,93350367.2,630012.52,,23382875.58,,,963.86,963.86,521207,4.3,6596,5.4
353080, Mogi Mirim,51136,58767,66993084.3,55995643.41,123891.96,,10750929.84,,,1139.98,1310.1,450159,8.8,3421,6.69
353110, Mongaguá,8861,8861,3141342.83,2504349.46,,,636993.37,,,354.51,354.51,41105,4.6,326,3.68
353130, Monte Alto,26125,26125,22334583.59,18155210.3,77782.2,,4054519.51,,,854.91,854.91,98722,3.8,1565,5.99
353140, Monte Aprazível,31351,31351,10379159.47,8761489.21,20103.45,,1560873.82,,,331.06,331.06,85093,2.7,515,1.64
353150, Monte Azul Paulista,22520,22520,9058258.54,7434162.44,,,1624096.1,,,402.23,402.23,65105,2.9,375,1.67
353180, Monte Mor,14297,14297,5464224.63,3587539.13,,,1876685.5,,,382.19,382.19,33371,2.3,395,2.76
353190, Morro Agudo,19201,19201,8933252.73,6635931.69,,,2297321.04,,,465.25,465.25,41762,2.2,390,2.03
353200, Morungaba,2172,2172,776558.16,628187.61,,,148370.55,,,357.53,357.53,6451,3,91,4.19
353210, Murutinga do Sul,782,782,268521.63,228519.88,,,40001.75,,,343.38,343.38,2413,3.1,13,1.66
353240, Nazaré Paulista,8068,8068,3223361.1,2484662.8,,,738698.3,,,399.52,399.52,24081,3,270,3.35
353250, Neves Paulista,5451,5451,2112534.75,1858662.79,,,253871.96,,,387.55,387.55,16036,2.9,70,1.28
353260, Nhandeara,19632,21207,12403861.84,10288051.86,5152.74,,2106943.05,,,584.89,631.82,101338,5.2,522,2.66
353290, Nova Europa,4583,4583,1899712.33,1443789.56,4076.9,,449654.33,,,414.51,414.51,14587,3.2,128,2.79
353300, Nova Granada,25101,27443,11471673.72,10059762.39,,,1411911.33,,,418.02,457.02,154727,6.2,148,0.59
353340, Nova Odessa,18477,18477,7672446.21,5822849.14,,,1849597.07,,,415.24,415.24,64057,3.5,1168,6.32
353350, Novo Horizonte,34588,34588,14798580.49,11773921.23,58498.17,,2938761.21,,,427.85,427.85,103460,3,995,2.88
353390, Olímpia,42003,42003,24287085.25,18873713.18,114161.72,,5234571.32,,,578.22,578.22,138342,3.3,2081,4.95
353430, Orlândia,34878,34878,13904767.61,11082424.14,4581.98,,2814883.45,,,398.67,398.67,78638,2.3,767,2.2
353440, Osasco,278331,278343,225030613,177087551.5,565254.27,,47076086.15,,,808.47,808.5,1704660,6.1,16610,5.97
353460, Osvaldo Cruz,27771,27771,11622021.4,9290439.63,43441.43,,2249412.35,,,418.49,418.49,96359,3.5,1444,5.2
353470, Ourinhos,98995,104192,133202529.3,110908860.3,93001.73,,22152740.22,,,1278.43,1345.55,620881,6.3,6305,6.37
353475, Ouroeste,3808,3808,1724199.83,1273783.9,,,450415.93,,,452.78,452.78,9968,2.6,44,1.16
353490, Pacaembu,6946,6946,1426616.78,1215103.13,,,211513.65,,,205.39,205.39,18179,2.6,104,1.5
353520, Palmeira d'Oeste,9537,9537,3225127.94,2772711.72,,,452416.22,,,338.17,338.17,24359,2.6,53,0.56
353530, Palmital,17491,17491,7646526.21,5814375.05,,,1832151.16,,,437.17,437.17,56112,3.2,1006,5.75
353540, Panorama,7740,7740,2877205.18,2239262.16,,,637943.02,,,371.73,371.73,26619,3.4,258,3.33
353550, Paraguaçu Paulista,34327,34327,27653950.57,22314188.46,94392.16,,5172938.91,,,805.6,805.6,116945,3.4,2056,5.99
353560, Paraibuna,1759,1759,803678.46,704379.37,,,99299.09,,,456.9,456.9,9274,5.3,98,5.57
353580, Paranapanema,3543,3543,1447534.08,1120881.05,,,326653.03,,,408.56,408.56,13494,3.8,77,2.17
353600, Parapuã,8059,8059,2663945.98,2329576.02,,,334369.96,,,330.56,330.56,35508,4.4,192,2.38
353620, Pariquera-Açu,110386,110386,93961938.11,70885654.84,639889.95,,22062093.12,,,851.21,851.21,521424,4.7,7294,6.61
353630, Patrocínio Paulista,12588,12588,5409800.34,3985054.5,9883.85,,1409338.19,,,429.76,429.76,29899,2.4,289,2.3
353650, Paulínia,56900,56903,37804873.87,29624854.66,224574.13,,7824496.62,,,664.37,664.41,265512,4.7,2106,3.7
353660, Paulo de Faria,2752,2752,1046200.98,883096.61,,,163104.37,,,380.16,380.16,8099,2.9,77,2.8
353670, Pederneiras,27449,27449,10564008.56,7816309,33295.13,,2697268.38,,,384.86,384.86,77245,2.8,779,2.84
353700, Pedregulho,9650,9650,3731301.23,2594336.85,43715.24,,1068691.1,,,386.66,386.66,24873,2.6,135,1.4
353710, Pedreira,17470,17470,8100453.18,5651265.99,154856.86,,2209339.8,,,463.68,463.68,56286,3.2,819,4.69
353730, Penápolis,62294,71677,43700887.68,35506551.96,74266.05,,8050808.51,,,609.69,701.53,474434,7.6,2827,4.54
353740, Pereira Barreto,16975,16975,7109466.73,5419810.38,,,1689656.35,,,418.82,418.82,45634,2.7,385,2.27
353760, Peruíbe,13142,13142,5942584.09,4240926.91,,,1701657.18,,,452.18,452.18,53125,4,500,3.8
353780, Piedade,26292,68704,57899160.12,49625775.88,70542.99,,8123958.98,,,842.73,2202.16,1409051,53.6,1632,6.21
353790, Pilar do Sul,18384,18384,7055648.59,5576332.08,,,1479316.51,,,383.79,383.79,58163,3.2,745,4.05
353800, Pindamonhangaba,98812,98812,81104549.91,62430473.59,288911.77,,18181817.94,,,820.8,820.8,432235,4.4,5214,5.28
353860, Piracaia,9055,9055,3651833.81,2959687.1,,,692146.71,,,403.29,403.29,34675,3.8,502,5.54
353870, Piracicaba,275206,275206,455099882.1,363622503.8,284387.91,,91025949.35,,,1653.67,1653.67,1193004,4.3,14868,5.4
353880, Piraju,30883,30883,14431793.9,11157300.17,17616.56,,3249157.31,,,467.31,467.31,102135,3.3,1511,4.89
353890, Pirajuí,6775,12420,15173013.76,13643641.18,,,1529372.58,,,1221.66,2239.56,194437,28.7,445,6.57
353900, Pirangi,7542,7542,2872546.67,2300025.19,,,572521.48,,,380.87,380.87,22173,2.9,92,1.22
353920, Pirapozinho,1173,5625,7182483.27,6414553.25,,,767930.02,,,1276.89,6123.17,149298,127.3,18,1.53
353930, Pirassununga,35841,35841,29345721.53,23058163.54,279972.87,,5846010.33,,,818.78,818.78,133367,3.7,2329,6.5
353940, Piratininga,2616,2616,1020502.14,894664.04,,,125838.1,,,390.1,390.1,13421,5.1,225,8.6
353950, Pitangueiras,16396,16396,7773660.24,5664701.93,154801.84,,1895165.28,,,474.12,474.12,43608,2.7,620,3.78
353980, Poá,10309,10309,4291666.78,3723407.95,,,568258.83,,,416.3,416.3,58812,5.7,929,9.01
354000, Pompéia,10689,10689,3659522.34,2862803.34,,,796719,,,342.36,342.36,30261,2.8,502,4.7
354020, Pontal,14635,14635,6948391.87,4651128.8,39489.24,,2204171.48,,,474.78,474.78,37502,2.6,305,2.08
354040, Populina,4295,4295,1546168.54,1274425.17,,,271743.37,,,359.99,359.99,12601,2.9,64,1.49
354060, Porto Feliz,31967,31968,14862228.95,11086315.43,80808.27,,3637648.78,,,464.91,464.92,80126,2.5,1474,4.61
354070, Porto Ferreira,29620,29620,15709719.8,12069415,47723.44,,3560238.76,,,530.38,530.38,90157,3,1364,4.6
354080, Potirendaba,5210,5210,2179849.34,1721041.56,,,458807.78,,,418.4,418.4,11318,2.2,92,1.77
354100, Praia Grande,90737,90737,76490814.62,58252131.1,1022043.63,,16883249.17,,,842.99,842.99,501495,5.5,4851,5.35
354120, Presidente Bernardes,14503,14503,5389987.28,4633101.38,,,756885.9,,,371.65,371.65,41761,2.9,226,1.56
354130, Presidente Epitácio,39342,39342,17075610.31,13356051.99,47780.89,,3643142.77,,,434.03,434.03,127784,3.2,1602,4.07
354140, Presidente Prudente,407341,452256,531399857.9,433122027.9,390771.44,,97711365.93,,,1175,1304.56,3682486,9,19299,4.74
354150, Presidente Venceslau,41084,41084,19959649.85,15936666.2,59756.48,,3901944.81,,,485.83,485.83,122523,3,1421,3.46
354160, Promissão,40337,40337,26640388.05,21417114.51,,,5223273.54,,,660.45,660.45,173838,4.3,1876,4.65
354190, Queluz,2587,2587,1082005.42,885618.8,,,196386.62,,,418.25,418.25,11671,4.5,173,6.69
354220, Rancharia,45292,45292,23623228.76,18098632.29,85990.86,,5377408.21,,,521.58,521.58,144294,3.2,2126,4.69
354240, Regente Feijó,8534,8534,2380540.6,2016792.63,,,363747.97,,,278.95,278.95,17743,2.1,109,1.28
354260, Registro,56111,56111,29344510.03,19706948.73,613905.87,,8647462.99,,,522.97,522.97,189747,3.4,1974,3.52
354290, Ribeirão Bonito,5506,5506,2236005.18,1616491.85,13031.59,,599389.74,,,406.1,406.1,14788,2.7,183,3.32
354300, Ribeirão Branco,10412,10412,3757864.13,3146971.4,,,610892.73,,,360.92,360.92,28551,2.7,293,2.81
354330, Ribeirão Pires,20488,20488,9455910.72,7121533.98,,,2334376.74,,,461.53,461.53,101261,4.9,1188,5.8
354340, Ribeirão Preto,819752,841830,1501700024,1238359490,1881438.46,,260522793,,,1783.85,1831.9,4900355,6,33229,4.05
354380, Rinópolis,7084,7084,2417350.46,2063310.88,,,354039.58,,,341.24,341.24,23051,3.3,267,3.77
354390, Rio Claro,89552,107086,128602809.2,103949643.5,183937.72,,24366094.77,,,1200.93,1436.07,860522,9.6,4179,4.67
354400, Rio das Pedras,15012,15012,5677892.39,4373786.37,47275.42,,1230785.4,,,378.22,378.22,49273,3.3,402,2.68
354420, Riolândia,2365,2365,677556.64,571100.29,,,106456.35,,,286.49,286.49,6793,2.9,45,1.9
354425, Rosana,36733,36733,17692140.62,13544916.35,2759.58,,4141154.31,,,481.64,481.64,173353,4.7,1142,3.11
354430, Roseira,218,218,87787.12,77197.27,,,10589.85,,,402.69,402.69,1665,7.6,11,5.05
354490, Sales Oliveira,3181,3181,1214934.5,927133.29,,,287801.21,,,381.93,381.93,8728,2.7,58,1.82
354500, Salesópolis,3657,3657,1374989.34,1081715.67,,,293273.67,,,375.99,375.99,12037,3.3,185,5.06
354520, Salto,60459,60459,42282353.87,31894993.98,156706,,10055661.82,,,699.36,699.36,210076,3.5,3091,5.11
354530, Salto de Pirapora,26052,107366,100351658.1,87851418.06,73006.25,,12378416.81,,,934.67,3851.98,2592612,99.5,1137,4.36
354540, Salto Grande,9339,9339,3499081.48,2630586.75,33833.32,,816850.87,,,374.67,374.67,32093,3.4,389,4.17
354560, Santa Adélia,7170,7170,2524907.52,2053545.11,,,471362.41,,,352.15,352.15,26190,3.7,74,1.03
354570, Santa Albertina,395,395,162099.99,148121.34,,,13978.65,,,410.38,410.38,1473,3.7,,
354580, Santa Bárbara d'Oeste,66280,66280,52154483.7,40089673.72,557576.35,,11323307.17,,,786.88,786.88,235085,3.5,3424,5.17
354600, Santa Branca,577,577,196906.22,172956,,,23950.22,,,341.26,341.26,2617,4.5,17,2.95
354630, Santa Cruz das Palmeiras,17731,17731,7427930.43,5372172.78,6975.56,,2043771.05,,,418.92,418.92,38939,2.2,521,2.94
354640, Santa Cruz do Rio Pardo,35223,35223,27206137.22,21680988.9,37568.12,,5468557.85,,,772.4,772.4,119652,3.4,1744,4.95
354660, Santa Fé do Sul,31118,31118,19257482.25,15581216.07,,,3676266.18,,,618.85,618.85,117479,3.8,1883,6.05
354680, Santa Isabel,34090,34090,28934272.6,23216148.77,99084.75,10783.68,5544199.64,10783.68,,848.76,848.76,163221,4.8,2336,6.85
354700, Santa Maria da Serra,22,22,8111.83,5847.29,,,2264.54,,,368.72,368.72,67,3,4,18.18
354750, Santa Rita do Passa Quatro,25582,53107,41979712.59,36623793.14,,,5355919.45,,,790.47,1640.99,896153,35,957,3.74
354760, Santa Rosa de Viterbo,10652,10652,3810712.98,3065898.52,50129.1,,683691.43,,,357.75,357.75,37090,3.5,376,3.53
354730, Santana de Parnaíba,14057,14057,3963737.42,3305567.48,,,658169.94,,,281.98,281.98,56052,4,568,4.04
354770, Santo Anastácio,22379,22379,7039442.28,5733576.14,,,1305866.14,,,314.56,314.56,59800,2.7,528,2.36
354780, Santo André,457244,457708,580634191.6,468886025.6,1413743.92,,109829695.7,,,1268.57,1269.86,2332342,5.1,26694,5.84
354790, Santo Antônio da Alegria,1568,1568,620368.45,535738.52,,,84629.93,,,395.64,395.64,5439,3.5,72,4.59
354850, Santos,361357,361561,486915161.8,396383942.8,753289.11,,89396462.43,,,1346.7,1347.46,2301756,6.4,19902,5.51
354860, São Bento do Sapucaí,12018,12018,5479359.74,4152688.96,11521.65,,1305455.36,,,455.93,455.93,44394,3.7,403,3.35
354870, São Bernardo do Campo,360367,374564,418288708.6,344885697.1,679611.86,,72416111.21,,,1116.73,1160.73,2260262,6.3,15091,4.19
354880, São Caetano do Sul,108975,108975,117910919.8,98937118.94,181237.24,,18699319.14,,,1082,1082,537929,4.9,6975,6.4
354890, São Carlos,149563,149563,189107529,153935590.7,205234.96,,34856815.05,,,1264.4,1264.4,661712,4.4,9110,6.09
354910, São João da Boa Vista,69112,69112,60056907.51,49433331.48,23053.68,,10584407.12,,,868.98,868.98,284012,4.1,5707,8.26
354940, São Joaquim da Barra,37025,37025,27574047.86,22552394.38,94632.95,,4891950.45,,,744.74,744.74,134154,3.6,1933,5.22
354970, São José do Rio Pardo,57015,57015,41284863.49,34425502.32,36473.99,,6806095.94,,,724.11,724.11,208162,3.7,3183,5.58
354980, São José do Rio Preto,718873,743350,1420722356,1168014572,1022821.44,,251152221.2,,,1911.24,1976.32,3846332,5.4,34729,4.83
354990, São José dos Campos,411822,436043,599004302.8,483148076.2,573016.81,,114924703.8,,,1373.73,1454.52,2831020,6.9,21881,5.31
355000, São Luís do Paraitinga,3077,3077,1293983.8,1140314.12,,,153669.68,,,420.53,420.53,15380,5,211,6.86
355010, São Manuel,19664,19664,8135114.56,6392713.07,,,1742401.49,,,413.71,413.71,63333,3.2,1001,5.09
355020, São Miguel Arcanjo,5178,5178,2502321.41,1906357.46,153344.66,,358647.72,,,483.26,483.26,27450,5.3,339,6.55
355030, São Paulo,7958737,8166662,12781192128,10243750263,36718191.21,,2476575311,,,1565.04,1605.93,51365808,6.5,385026,4.84
355040, São Pedro,15240,15240,9501725.05,4986397.98,1281811.29,,2294058.11,,,623.47,623.47,32171,2.1,267,1.75
355060, São Roque,37727,37727,18765749.17,13256013.17,74984.78,,5395683.28,,,497.41,497.41,134523,3.6,2329,6.17
355070, São Sebastião,55309,55309,39867726.89,30726994.33,148107.17,,8911689.52,,,720.82,720.82,262700,4.7,1955,3.53
355080, São Sebastião da Grama,10458,10458,4221425.68,3531903.76,,,689521.92,,,403.66,403.66,44258,4.2,372,3.56
355090, São Simão,7205,7205,3095513.65,2524116.65,,,571397,,,429.63,429.63,26153,3.6,254,3.53
355100, São Vicente,103169,103169,63753144.44,49272368.32,159115.04,,14244644.45,,,617.95,617.95,493600,4.8,8054,7.81
355160, Serra Negra,16705,16705,6296199.79,4800381.65,24704.8,,1458054.31,,,376.91,376.91,49935,3,851,5.09
355150, Serrana,21144,21144,9575163.33,7509053.59,25976.83,,2023717.34,,,452.85,452.85,74054,3.5,456,2.16
355170, Sertãozinho,78118,78118,83709259.72,65306270.7,298770.94,,17865912.48,,,1071.57,1071.57,269022,3.4,3669,4.7
355200, Silveiras,848,848,337474.83,293267.55,,,44207.28,,,397.97,397.97,5640,6.7,68,8.02
355210, Socorro,26731,26731,10543805.79,8126811.01,145903.45,,2188155.95,,,394.44,394.44,70279,2.6,1247,4.66
355220, Sorocaba,494714,602190,737232233.4,600387160.4,615474.51,,135866906.3,,,1224.25,1490.22,5885472,11.9,37643,7.61
355230, Sud Mennucci,4346,4346,1918169.41,1451556.8,,,466612.61,,,441.36,441.36,14305,3.3,56,1.29
355240, Sumaré,174704,174704,240625842,192209122.8,226031.31,,48133427.95,,,1377.33,1377.33,763890,4.4,6221,3.56
355250, Suzano,66586,66586,57185450.45,42667287.05,,,14518163.4,,,858.82,858.82,296450,4.5,2496,3.75
355260, Tabapuã,9239,9239,3366240.46,2569429.64,,,796810.82,,,364.35,364.35,26463,2.9,95,1.03
355270, Tabatinga,7811,7811,3438317.31,2650769.57,33036.29,,735258.49,,,440.19,440.19,28805,3.7,262,3.35
355280, Taboão da Serra,245851,245851,246538864.7,188750948.7,1563949.53,,55571308.5,,,1002.8,1002.8,1184179,4.8,8998,3.66
355300, Taguaí,6942,6942,2724448.81,2069692.45,,,654756.36,,,392.46,392.46,20618,3,230,3.31
355330, Tambaú,13203,13203,5575402.74,4177390.16,14500.96,,1375999.3,,,422.28,422.28,40284,3.1,516,3.91
355340, Tanabi,19187,19187,9070287.1,7714301.83,,,1355985.27,,,472.73,472.73,101383,5.3,222,1.16
355360, Tapiratiba,5302,5302,2431642.79,1870699.52,,,560943.27,,,458.63,458.63,16150,3,257,4.85
355370, Taquaritinga,56299,56299,26539265.89,21086987.97,33307.83,,5400195.65,,,471.4,471.4,175189,3.1,2080,3.69
355380, Taquarituba,19247,19247,7206684.5,5433572.83,,,1773111.67,,,374.43,374.43,53443,2.8,527,2.74
355400, Tatuí,63530,63530,45085438.24,34384293.22,79310.69,180869.98,10394575.37,180869.98,,709.67,709.67,240855,3.8,3114,4.9
355410, Taubaté,214900,214900,418917320.5,332834195.7,629180.11,,85182694.95,,,1949.36,1949.36,1086408,5.1,10141,4.72
355430, Teodoro Sampaio,26225,26225,9521077.28,7931808.8,,,1589268.48,,,363.05,363.05,77387,3,518,1.98
355440, Terra Roxa,4589,4589,1846785.2,1523123.37,,,323661.83,,,402.44,402.44,13260,2.9,9,0.2
355450, Tietê,24630,24630,10218042.95,7568111.48,118001.26,,2470102.08,,,414.86,414.86,80130,3.3,843,3.42
355470, Torrinha,1366,1366,441731.3,387441.99,,,54289.31,,,323.38,323.38,4105,3,113,8.27
355480, Tremembé,2334,2334,874132.87,603713.57,,,270419.3,,,374.52,374.52,8609,3.7,68,2.91
355500, Tupã,109728,175503,188145439.5,162418594.7,355312.2,,25122679.89,,,1072.04,1714.65,2466337,22.5,4662,4.25
355510, Tupi Paulista,20271,20271,8596351.6,7202201.38,,,1394150.22,,,424.07,424.07,64144,3.2,851,4.2
355540, Ubatuba,42538,42538,22637381.26,17141684.05,,,5495697.21,,,532.17,532.17,201513,4.7,2139,5.03
355580, Urânia,3381,3381,1113923.81,947295.33,,,166628.48,,,329.47,329.47,9370,2.8,34,1.01
355600, Urupês,10116,10116,4069780.87,3527247.28,,,542533.59,,,402.31,402.31,38573,3.8,239,2.36
355620, Valinhos,51547,51547,30355002.2,23390175.78,,,6964826.42,,,588.88,588.88,199563,3.9,3051,5.92
355630, Valparaíso,12370,12370,4912868.65,3866858.8,,,1046009.85,,,397.16,397.16,31547,2.6,315,2.55
355640, Vargem Grande do Sul,32151,32151,13446285.12,10711837.4,,,2734447.72,,,418.22,418.22,115175,3.6,1337,4.16
355650, Várzea Paulista,8203,8203,2533466.53,2202352.1,,,331114.43,,,308.85,308.85,35370,4.3,522,6.36
355670, Vinhedo,31877,31877,19977311.23,15389932.75,329560.24,,4079934.16,,,626.7,626.7,104409,3.3,1333,4.18
355680, Viradouro,7511,7511,3054016.27,2421172.71,,,632843.56,,,406.61,406.61,16591,2.2,251,3.34
355690, Vista Alegre do Alto,224,224,87560.45,76128.29,,,11432.16,,,390.89,390.89,767,3.4,8,3.57
355700, Votorantim,42663,42663,26615797.15,18824488.8,219667.46,,7419348.97,,,623.86,623.86,118134,2.8,1830,4.29
355710, Votuporanga,107403,107403,135734821.6,110991227,32322.33,,24692085.77,,,1263.79,1263.79,477574,4.4,6120,5.7
